Date,Open,High,Low,Close,Volume
10-12-18,51.752499,52.422501,51.164501,51.977501,36154000
11-12-18,52.824501,53.029999,51.992001,52.587502,27894000
12-12-18,53.400002,54.0825,53.1395,53.183998,30476000
13-12-18,53.4035,53.987999,52.696499,53.095001,26596000
14-12-18,52.499001,53.130001,52.039501,52.105,33732000
17-12-18,51.8755,52.657501,50.395,50.8265,47708000
18-12-18,51.304501,52.473999,51.071999,51.435501,43850000
19-12-18,51.699501,53.099998,50.4025,51.150501,49586000
20-12-18,50.906502,51.710999,49.818001,50.470501,53470000
21-12-18,50.764999,51.201,48.684502,48.977001,91920000
24-12-18,48.695,50.176998,48.505501,48.811001,31806000
26-12-18,49.4505,52,49.150002,51.973,47466000
27-12-18,50.857498,52.1945,49.849998,52.194,42196000
28-12-18,52.480999,52.778,51.654999,51.854,28296000
31-12-18,52.548,52.634998,51.179501,51.780499,29866000
02-01-19,50.828499,52.616001,50.7855,52.2925,30652000
03-01-19,52.049999,52.848999,50.703499,50.803001,36822000
04-01-19,51.629501,53.542,51.370899,53.5355,41878000
07-01-19,53.575001,53.700001,52.737999,53.419498,39638000
08-01-19,53.8055,54.228001,53.026501,53.813999,35298000
09-01-19,54.0825,54.1315,53.32,53.733002,23986000
10-01-19,53.382999,53.557499,52.885502,53.516499,29128000
11-01-19,53.159,53.188751,52.424,52.859501,30416000
14-01-19,52.346001,52.5765,52.062752,52.234501,22886000
15-01-19,52.508499,54.002499,52.367001,53.857498,29272000
16-01-19,54,54.618752,53.966999,54.0485,26636000
17-01-19,53.973499,54.59,53.674999,54.494999,24854000
18-01-19,55,55.417599,54.544998,54.912998,39112000
22-01-19,54.400002,54.5755,53.1735,53.526001,32270000
23-01-19,53.8675,54.246498,52.987499,53.7785,19340000
24-01-19,53.824001,53.973751,53.035,53.695,27226000
25-01-19,54.25,54.700001,54.091,54.5495,22382000
28-01-19,54.005501,54.150002,53.189999,53.504002,25686000
29-01-19,53.633999,53.7575,52.793251,53.030998,20436000
30-01-19,53.421501,54.549999,53.342499,54.452999,25596000
31-01-19,55.150002,55.866501,54.7705,55.818501,30766000
01-02-19,55.619999,56.25,55.244499,55.537498,29244000
04-02-19,55.632999,56.639999,55.451,56.639999,51530000
05-02-19,56.242001,57.342499,55.8624,57.2995,71044000
06-02-19,56.9785,57.349998,55.6385,55.761501,42112000
07-02-19,55.208,55.242001,54.299999,54.935501,40896000
08-02-19,54.349998,54.945499,54.327499,54.752998,21516000
11-02-19,54.8475,55.297249,54.643002,54.7505,21304000
12-02-19,55.34,56.264751,55.2925,56.068501,32182000
13-02-19,56.2495,56.7365,55.924999,56.007999,20996000
14-02-19,55.9025,56.411499,55.522251,56.0835,18952000
15-02-19,56.504002,56.5835,55.532501,55.682499,28996000
19-02-19,55.5,56.094501,55.5,55.928001,20928000
20-02-19,55.9995,56.170502,55.264,55.689999,21756000
21-02-19,55.542,55.597,54.625999,54.848499,28302000
22-02-19,55.044998,55.562,54.779999,55.518501,20990000
25-02-19,55.799999,55.926998,55.363499,55.470001,28262000
26-02-19,55.287498,55.975498,54.995998,55.7565,29426000
27-02-19,55.3475,55.898998,55.049999,55.802502,19368000
28-02-19,55.564999,56.3825,55.550499,55.995998,30850000
01-03-19,56.244999,57.148499,56.237499,57.0495,29006000
04-03-19,57.349499,57.914001,56.5345,57.389999,28920000
05-03-19,57.502998,58.480499,57.30975,58.101501,28864000
06-03-19,58.1245,58.3783,57.774502,57.893002,21986000
07-03-19,57.785999,57.837749,56.745499,57.165001,23332000
08-03-19,56.336498,57.354,56.165001,57.116001,24248000
11-03-19,57.2225,58.809502,57.2225,58.787998,34384000
12-03-19,58.912998,60,58.912998,59.66,40262000
13-03-19,60.032249,60.046501,59.597,59.666,28718000
14-03-19,59.725498,59.894001,59.223999,59.2775,23456000
15-03-19,59.668999,59.828499,59.130501,59.223,49236000
18-03-19,59.165001,59.5,58.871052,59.213001,25852000
19-03-19,59.440498,60,59.293499,59.942501,30414000
20-03-19,59.8675,61.356998,59.808498,61.198502,44548000
21-03-19,60.799999,61.5895,60.657501,61.577,24080000
22-03-19,61.316002,61.5,60.141251,60.275002,34284000
25-03-19,59.8465,60.319901,59.352001,59.650002,29936000
26-03-19,59.926498,60.141499,58.835999,59.230999,38024000
27-03-19,59.275002,59.377949,57.968498,58.651001,28004000
28-03-19,58.577,58.578251,57.97155,58.4245,19234000
29-03-19,58.744999,58.949501,58.144001,58.665501,25398000
01-04-19,59.205002,59.833,59.099998,59.7215,25050000
02-04-19,59.765999,60.067501,59.2855,60.024502,16558000
03-04-19,60.374001,60.814999,60.025002,60.296001,20286000
04-04-19,60.297001,60.783501,60.206501,60.75,19000000
05-04-19,60.7495,60.811001,60.251499,60.357498,18144000
08-04-19,60.394501,60.434502,59.993,60.192001,17204000
09-04-19,59.799999,60.114498,59.653999,59.862499,17528000
10-04-19,60.034,60.189251,59.821751,60.108002,14492000
11-04-19,60.198002,60.397999,60.0065,60.230999,14204000
12-04-19,60.5,60.9175,60.405499,60.893501,18668000
15-04-19,60.900002,61.209999,60.455502,61.055,23748000
16-04-19,61.25,61.541,61.006001,61.356499,17126000
17-04-19,61.650002,62.028,61.390999,61.817001,24438000
18-04-19,61.959,62.099998,61.730499,61.818501,26636000
22-04-19,61.7995,62.454498,61.415501,62.442001,16146000
23-04-19,62.5345,63.450001,62.319,63.227501,26398000
24-04-19,63.206001,63.400501,62.75,62.799999,20376000
25-04-19,63.238499,63.370399,62.601501,63.172501,22146000
26-04-19,63.450001,63.6535,63.015999,63.609001,24828000
29-04-19,63.700001,64.463501,63.314751,64.378998,49988000
30-04-19,59.25,59.640499,58.75,59.424,124140000
01-05-19,59.4025,59.4025,58.359001,58.403999,52784000
02-05-19,58.388,58.709499,57.750099,58.130501,38896000
03-05-19,58.682499,59.34,58.450001,59.27,39614000
06-05-19,58.313,59.5425,58.313,59.469501,31278000
07-05-19,59.023499,59.521999,58.051998,58.705002,31028000
08-05-19,58.600498,59.021198,58.286999,58.313499,26186000
09-05-19,57.9515,58.483002,57.5425,58.118999,23714000
10-05-19,58.179501,58.630001,57.125,58.213501,26290000
13-05-19,57.098,57.396999,56.105499,56.601501,37212000
14-05-19,56.8605,57.021,55.977501,56.021999,36732000
15-05-19,55.893501,58.566502,55.833302,58.210499,45786000
16-05-19,58.225498,59.408001,58.141998,58.949001,30628000
17-05-19,58.4235,59.0075,58.0005,58.115002,24172000
20-05-19,57.224998,57.339851,56.572151,56.942501,27066000
21-05-19,57.4245,57.635399,56.896999,57.481499,23196000
22-05-19,57.337502,57.925999,57.294498,57.570999,18290000
23-05-19,57.025002,57.298649,56.461201,57.038502,23978000
24-05-19,57.368,57.488251,56.583,56.6735,22240000
28-05-19,56.700001,57.57935,56.655998,56.7075,27300000
29-05-19,56.375999,56.455002,55.410999,55.823002,30764000
30-05-19,55.777,56.156502,55.605999,55.897499,19038000
31-05-19,55.064499,55.48,55.008999,55.181499,30156000
03-06-19,53.275002,53.275002,51.25,51.811501,102612000
04-06-19,52.145,52.802502,51.684502,52.6525,56670000
05-06-19,52.577,52.677502,51.524502,52.111,43368000
06-06-19,52.2495,52.3745,51.685001,52.216999,34064000
07-06-19,52.531502,53.546001,52.419998,53.301998,36048000
10-06-19,53.648998,54.632999,53.6161,54.019001,29284000
11-06-19,54.699001,55.099499,53.88015,53.936001,28734000
12-06-19,53.900002,54.046501,53.376999,53.851501,21220000
13-06-19,54.181999,54.7085,54.0075,54.438499,21154000
14-06-19,54.320999,54.634499,54.008598,54.267502,22230000
17-06-19,54.313999,54.959,54.313999,54.625,18832000
18-06-19,55.484501,55.8195,54.949501,55.18,27734000
19-06-19,55.279999,55.349998,54.674,55.116501,26776000
20-06-19,55.9995,56.006001,55.237,55.570999,25240000
21-06-19,55.462002,56.205502,55.403999,56.094002,38952000
24-06-19,55.980499,56.099998,55.550499,55.776001,27912000
25-06-19,55.632999,55.717499,54.189999,54.317501,30938000
26-06-19,54.325001,54.648499,53.612,53.990002,36218000
27-06-19,54.200001,54.355,53.7645,53.800499,20086000
28-06-19,53.8195,54.049999,53.668499,54.045502,33864000
01-07-19,54.900002,55.379002,54.68515,54.897499,28726000
02-07-19,55.112,55.588501,54.908501,55.5625,19832000
03-07-19,55.870499,56.338001,55.693001,56.078999,15340000
05-07-19,55.889999,56.644001,55.806999,56.579498,25286000
08-07-19,56.258499,56.299,55.560501,55.817501,24728000
09-07-19,55.59,56.401249,55.358501,56.241501,26608000
10-07-19,56.561001,57.102501,56.5485,57.023998,24190000
11-07-19,57.162498,57.6535,56.979,57.210499,23910000
12-07-19,57.199501,57.367001,56.938999,57.244999,17280000
15-07-19,57.342999,57.541,56.970001,57.516998,18076000
16-07-19,57.299999,57.929001,57.25,57.679001,24776000
17-07-19,57.5485,57.917999,57.288502,57.317501,23400000
18-07-19,57.087002,57.380249,56.636501,57.316502,25814000
19-07-19,57.4095,57.556999,56.480999,56.505001,32944000
22-07-19,56.672501,56.962502,56.212002,56.9035,26030000
23-07-19,57.200001,57.345001,56.59,57.310501,21874000
24-07-19,56.595001,57.200001,56.349499,56.890499,31796000
25-07-19,56.890999,57.084999,56.046001,56.605999,44196000
26-07-19,61.202,63.2775,61.200001,62.5205,96116000
29-07-19,62.052502,62.3685,61.411499,61.970501,44474000
30-07-19,61.2705,61.7435,61.165001,61.257,29066000
31-07-19,61.150002,61.700001,60.388199,60.834,34510000
01-08-19,60.7015,61.705502,60.285999,60.4505,33970000
02-08-19,60.036999,60.345001,59.446999,59.699501,32902000
05-08-19,58.501999,58.762001,57.007,57.616001,51950000
06-08-19,58.165501,58.998001,58,58.497501,34188000
07-08-19,57.799999,58.922249,57.481201,58.699501,28886000
08-08-19,59.141499,60.2505,58.651001,60.240002,29360000
09-08-19,59.899502,60.194,59.180149,59.400501,21314000
12-08-19,58.960499,59.248001,58.383598,58.7355,20060000
13-08-19,58.573002,60.238998,58.573002,59.863499,25888000
14-08-19,58.815498,59.115002,58.027,58.2145,31574000
15-08-19,58.174999,58.792,58.105499,58.362999,24374000
16-08-19,58.977501,59.136002,58.5905,58.880001,26266000
19-08-19,59.504501,60.349499,59.504501,59.922501,24632000
20-08-19,59.762501,59.803001,59.105499,59.134499,18310000
21-08-19,59.657501,59.950001,59.371498,59.5625,14814000
22-08-19,59.703499,59.9006,58.929001,59.476501,18950000
23-08-19,59.099499,59.703999,57.387501,57.564499,33740000
26-08-19,57.862999,58.473499,57.647999,58.4445,24522000
27-08-19,59.026501,59.119999,58.072498,58.391998,21544000
28-08-19,58.085499,58.820999,57.865002,58.550999,16040000
29-08-19,59.056,59.803001,59.056,59.642502,21768000
30-08-19,59.924999,59.924999,59.190151,59.404999,22596000
03-09-19,58.851501,59.344501,58.16,58.419498,29598000
04-09-19,58.835499,59.174,58.549999,59.070499,21378000
05-09-19,59.5765,60.652,59.5765,60.569,28162000
06-09-19,60.406502,60.60075,60.126099,60.246498,21442000
09-09-19,60.200001,61,59.631001,60.220501,29438000
10-09-19,59.7575,60.5,59.729,60.299999,25202000
11-09-19,60.170502,61.130001,60.110001,61.008499,26140000
12-09-19,61.215,62.092999,61.151001,61.712502,34518000
13-09-19,61.567501,62.043999,61.350498,61.978001,26028000
16-09-19,61.476002,61.978001,61.280499,61.564999,21066000
17-09-19,61.52,61.75,61.184502,61.4575,19102000
18-09-19,61.3755,61.780499,60.8265,61.620499,22702000
19-09-19,61.603001,62.222,61.601002,61.935501,19920000
20-09-19,61.655998,62.166,61.153999,61.496498,45400000
23-09-19,61.299999,61.954498,61.2085,61.7015,21248000
24-09-19,62,62.337002,60.534,60.938,31664000
25-09-19,60.791,62.415001,60.504501,62.326,29060000
26-09-19,62.098,62.25,61.6134,62.0695,30760000
27-09-19,62.150501,62.201,60.7225,61.254501,27078000
30-09-19,61.0485,61.299999,60.615002,60.950001,28082000
01-10-19,60.950001,61.561501,60.179001,60.255001,25470000
02-10-19,59.848999,59.848999,58.564499,58.831501,32302000
03-10-19,59,59.452999,58.121498,59.391499,32424000
04-10-19,59.594501,60.571999,59.4585,60.450001,23248000
07-10-19,60.220001,60.910198,60.1875,60.383999,16858000
08-10-19,59.879501,60.304001,59.4505,59.456501,20786000
09-10-19,59.967499,60.4175,59.8815,60.115501,17354000
10-10-19,59.929001,60.75,59.867001,60.433498,16932000
11-10-19,61.1105,61.419498,60.687,60.772499,25454000
14-10-19,60.617001,61.316502,60.588001,60.856998,17350000
15-10-19,61.02,62.366501,61.02,62.150501,27634000
16-10-19,62.058498,62.737,61.922501,62.181999,21892000
17-10-19,62.546501,63.166248,62.497002,62.6535,19048000
18-10-19,62.673,62.9445,62.054001,62.274502,27056000
21-10-19,62.612999,62.731449,62.029999,62.307499,20544000
22-10-19,62.392502,62.529999,62.069,62.139999,20476000
23-10-19,62.118,62.994499,62.118,62.956501,18230000
24-10-19,63.044998,63.200001,62.685749,63.0495,20562000
25-10-19,62.551498,63.48,62.5005,63.2565,24262000
28-10-19,63.772499,64.9655,63.626999,64.5,52264000
29-10-19,63.811501,64.079498,62.8606,63.131001,37728000
30-10-19,62.648499,63.467999,62.599998,63.064499,28178000
31-10-19,63.063999,63.383499,62.542149,63.005501,29114000
01-11-19,63.25,63.730999,63.025002,63.687,33402000
04-11-19,63.822498,64.706497,63.817749,64.568497,30020000
05-11-19,64.644501,64.946503,64.561447,64.601501,25654000
06-11-19,64.473,64.686501,64.125,64.589996,23060000
07-11-19,64.713997,66.186996,64.71225,65.443001,40600000
08-11-19,65.264,65.900002,65.218246,65.568497,25028000
11-11-19,65.158997,65.321251,64.870499,64.959503,20238000
12-11-19,65,65.5,64.788498,64.940002,21718000
13-11-19,64.703499,65.214996,64.675499,64.900002,16534000
14-11-19,64.875,65.849998,64.782501,65.572998,23870000
15-11-19,65.946999,66.744003,65.713997,66.7435,35652000
18-11-19,66.611,66.776451,65.875,66.035004,29748000
19-11-19,66.385002,66.385002,65.639999,65.773003,25384000
20-11-19,65.586998,65.75,64.557503,65.152496,26172000
21-11-19,65.073997,65.629501,64.650002,65.067497,19910000
22-11-19,65.280998,65.436501,64.570503,64.766998,27714000
25-11-19,64.959,65.565498,64.906502,65.334503,20724000
26-11-19,65.492996,65.739998,65.254501,65.677498,21394000
27-11-19,65.75,65.917999,65.481499,65.649498,19912000
29-11-19,65.356003,65.510246,65.198502,65.248001,11740000
02-12-19,65.050003,65.291496,64.050003,64.496002,30218000
03-12-19,63.9785,64.92305,63.950001,64.764,22876000
04-12-19,65.350502,66.290001,65.2435,66.027,30750000
05-12-19,66.400002,66.467903,65.821999,66.406502,24254000
06-12-19,66.671997,67.199997,66.671997,67.030998,26296000
09-12-19,66.902,67.972504,66.891998,67.178001,27086000
10-12-19,67.074997,67.498749,66.802002,67.233002,21882000
11-12-19,67.542,67.559998,67.133499,67.250999,17008000
12-12-19,67.296997,67.78875,67.025002,67.513496,25620000
13-12-19,67.397499,67.654648,67.193497,67.391502,30992000
16-12-19,67.824997,68.234001,67.633499,68.058502,27946000
17-12-19,68.144501,68.25,67.566147,67.755997,37080000
18-12-19,67.830002,68.023499,67.550003,67.630997,30452000
19-12-19,67.591003,67.904999,67.449249,67.802002,29398000
20-12-19,68.167503,68.181999,67.449997,67.4795,66300000
23-12-19,67.793503,67.989998,67.3255,67.442001,17662000
24-12-19,67.425003,67.513,67.139,67.178001,6950000
26-12-19,67.308502,68.066353,67.223503,68.019997,13350000
27-12-19,68.149498,68.226501,67.4655,67.594498,20768000
30-12-19,67.5,67.650002,66.700996,66.806999,21018000
31-12-19,66.505501,66.900002,66.454247,66.850998,19236000
02-01-20,67.077499,68.406998,67.077499,68.3685,28132000
03-01-20,67.392998,68.625,67.277199,68.032997,23728000
06-01-20,67.5,69.824997,67.5,69.710503,34646000
07-01-20,69.897003,70.149498,69.518997,69.667,30054000
08-01-20,69.603996,70.579002,69.542,70.216003,30560000
09-01-20,71.028503,71.366501,70.513496,70.991501,30018000
10-01-20,71.377998,71.746452,70.917503,71.486504,36414000
13-01-20,71.806503,72.026001,71.301003,71.961502,33046000
14-01-20,71.9505,72.089996,71.418503,71.543999,31178000
15-01-20,71.510498,72.069748,71.510498,71.959999,25654000
16-01-20,72.372002,72.599503,72.045998,72.584999,23474000
17-01-20,73.1455,74.064751,72.911003,74.019501,47924000
21-01-20,73.956001,74.592499,73.559998,74.220001,40734000
22-01-20,74.550003,75.160698,74.246498,74.297501,32216000
23-01-20,74.382004,74.776001,74.105003,74.332497,27024000
24-01-20,74.679497,74.77475,73.262497,73.335503,35692000
27-01-20,71.550003,71.903503,71.059998,71.695,35104000
28-01-20,72.150002,72.800003,71.623497,72.627998,31548000
29-01-20,72.940002,73.2715,72.336998,72.931503,21554000
30-01-20,71.998001,72.863998,71.82,72.792,26788000
31-01-20,73.445,73.5065,71.426498,71.711502,48344000
03-02-20,73.099998,74.5,72.949501,74.296997,60736000
04-02-20,72.8535,73.474998,71.315002,72.3535,78660000
05-02-20,73.121002,73.192001,71.528,72.411499,39724000
06-02-20,72.516502,74.099998,72.4785,73.811501,33588000
07-02-20,73.364998,74.292,73.317497,73.961502,23446000
10-02-20,73.716003,75.474998,73.716003,75.433998,28398000
11-02-20,75.5905,76.481499,75.281898,75.439499,26892000
12-02-20,75.723999,76.034752,75.405502,75.913498,23352000
13-02-20,75.634499,76.359001,75.230003,75.733002,18590000
14-02-20,75.779999,76.037003,75.366997,76.037003,23956000
18-02-20,75.75,76.581497,75.629501,75.983498,22414000
19-02-20,76.253502,76.605301,76.07,76.334503,18986000
20-02-20,76.099998,76.482002,75.341003,75.907501,21932000
21-02-20,75.401497,75.610748,74.022003,74.255501,34634000
24-02-20,71.305496,71.848503,70.569504,71.079498,57342000
25-02-20,71.650002,71.906998,69.120003,69.422501,49566000
26-02-20,69.806999,70.785004,68.949997,69.658997,44048000
27-02-20,68.102997,68.585197,65.858498,65.904503,59566000
28-02-20,63.875,67.056999,63.549999,66.966499,75782000
02-03-20,67.580498,69.543503,66.340752,69.455498,48630000
03-03-20,69.971001,70.5075,66.599998,67.069504,48046000
04-03-20,67.961502,69.404503,67.155502,69.325996,38266000
05-03-20,67.510002,67.945503,65.254997,65.952003,51226000
06-03-20,63.853001,65.310997,63.052502,64.920502,53212000
09-03-20,60.264999,62.737999,60,60.778,67308000
10-03-20,63,64.057503,60.938499,64.019501,52228000
11-03-20,62.485001,63.048,59.803501,60.7705,52170000
12-03-20,56.299999,59.693501,55.665001,55.745499,84534000
13-03-20,58.950001,60.987999,55.857151,60.9865,74002000
16-03-20,54.799999,57.61335,53.722,54.216499,85048000
17-03-20,54.655499,56.542999,52.800499,55.990002,77230000
18-03-20,52.8255,55.325001,51.863998,54.84,84668000
19-03-20,54.6525,57.898499,53.005402,55.7645,73022000
20-03-20,56.785999,57.199501,53.274502,53.616001,72036000
23-03-20,53.066002,53.566002,50.6768,52.831001,80882000
24-03-20,55.188499,56.75,54.530998,56.723,66890000
25-03-20,56.323502,57.445,54.300499,55.1245,81630000
26-03-20,55.59,58.498501,54.676498,58.087502,71434000
27-03-20,56.283501,57.533501,55.295502,55.5355,64170000
30-03-20,56.251999,57.581501,54.824001,57.341,51482000
31-03-20,57.365002,58.765499,56.907001,58.140499,49728000
01-04-20,56.099998,56.484501,54.872501,55.280998,46884000
02-04-20,54.912998,56.342999,54.82,56.042,39298000
03-04-20,55.950748,56.176998,53.990501,54.894001,46268000
06-04-20,56.900002,59.733002,56.547001,59.346001,53294000
07-04-20,61.049999,61.25,59.1115,59.3255,47746000
08-04-20,60.325001,60.953499,59.408001,60.514,39502000
09-04-20,61.203999,61.2785,59.83675,60.572498,43508000
13-04-20,60.459,61.025501,59.379902,60.877998,34796000
14-04-20,62.254501,64.1035,61.8465,63.461498,49408000
15-04-20,62.280499,64.023003,62.02,63.123501,33434000
16-04-20,63.705002,63.950001,62.131001,63.1735,50362000
17-04-20,64.2425,64.721497,63.561501,64.162498,38980000
20-04-20,63.549999,64.080002,63.068501,63.330502,33910000
21-04-20,62.349998,62.713501,60.4855,60.817001,43060000
22-04-20,62.277,64.280647,62.099998,63.1605,41848000
23-04-20,63.577499,64.665497,63.283501,63.815498,31324000
24-04-20,63.058498,64.019997,62.4725,63.9655,32792000
27-04-20,64.800003,64.807503,63.450001,63.793999,32012000
28-04-20,64.3965,64.402496,61.610001,61.683498,59026000
29-04-20,67.072998,67.999496,66.266998,67.073997,75872000
30-04-20,66.244003,67.640999,66.124496,67.432999,53378000
01-05-20,66.425003,67.6035,65.550003,66.030502,41450000
04-05-20,65.411499,66.383003,64.949997,66.339996,30080000
05-05-20,66.896004,68.696999,66.873001,67.555496,33030000
06-05-20,68.084503,68.556,67.364502,67.364998,24308000
07-05-20,68.296997,68.879997,67.763496,68.627998,27952000
08-05-20,69.156502,69.938004,68.774002,69.418503,27738000
11-05-20,68.914001,70.8265,68.857597,70.163002,28242000
12-05-20,70.356003,70.75,68.738503,68.787003,27812000
13-05-20,68.852501,69.274101,66.419998,67.466499,36252000
14-05-20,66.750999,67.871002,66.195503,67.806503,32062000
15-05-20,67.5,68.723999,66.949997,68.6595,34154000
18-05-20,68.087502,69.616249,67.712502,69.196999,36448000
19-05-20,69.349854,69.599998,68.674248,68.674248,25612000
20-05-20,69.478996,70.521004,69.362503,70.335999,33108000
21-05-20,70.400002,70.774498,69.672501,70.139999,27700000
22-05-20,69.835503,70.638,69.591499,70.521004,26188000
26-05-20,71.863503,72.050003,70.606499,70.850998,41212000
27-05-20,70.862503,71.086998,69.564499,70.891998,33716000
28-05-20,69.843002,72.042,69.800003,70.836502,33844000
29-05-20,70.847,71.628502,70.667503,71.445999,36418000
01-06-20,70.919502,71.898003,70.900002,71.591003,24342000
02-06-20,71.527496,71.980499,70.941498,71.960999,25562000
03-06-20,71.915001,72.327599,71.488853,71.819,25124000
04-06-20,71.519997,71.947998,70.236504,70.609001,29686000
05-06-20,70.658501,72.252502,70.300003,71.919502,34698000
08-06-20,71.116997,72.399498,71.116997,72.330498,28084000
09-06-20,72.267998,73.400002,72.1605,72.807999,28184000
10-06-20,72.976997,73.712952,72.813499,73.292503,30504000
11-06-20,72.124001,72.723747,70.099998,70.192001,39826000
12-06-20,71.4245,71.849998,69.301003,70.658997,38928000
15-06-20,69.540001,71.239998,69.396004,70.9925,30078000
16-06-20,72.261002,72.750999,71.294998,72.136002,34184000
17-06-20,72.358002,73,71.569,72.556,30992000
18-06-20,72.458,72.570503,71.350502,71.797997,31638000
19-06-20,72.199997,72.389999,71.067497,71.585999,63158000
22-06-20,71.449997,72.637497,71.1605,72.593002,30848000
23-06-20,72.781998,73.79705,72.262001,73.220497,28596000
24-06-20,73.0755,73.771004,71.487503,71.598503,35120000
25-06-20,71.495003,72.144997,71,72.066498,24610000
26-06-20,71.569504,71.672501,67.599503,67.995003,85354000
29-06-20,67.908997,69.779999,67.350502,69.748497,36204000
30-06-20,69.522003,70.932503,69.197998,70.680496,40848000
01-07-20,70.555,72.150002,70.490997,71.902,35504000
02-07-20,72.347,74.147499,72.320999,73.235001,37182000
06-07-20,74.002998,75.329498,73.642998,74.785004,31280000
07-07-20,74.5,75.839996,74.177498,74.259003,29164000
08-07-20,74.716003,75.293999,74.281502,74.800003,24994000
09-07-20,75.322502,76.136002,74.404251,75.5495,28466000
10-07-20,75.307503,77.191498,74.827003,77.086998,37126000
13-07-20,77.5,78.856598,75.262154,75.567001,36928000
14-07-20,74.515503,76.147499,74.175003,76.028999,31700000
15-07-20,76.156502,76.766502,74.900002,75.681999,32214000
16-07-20,75,75.934502,74.315498,75.900002,30386000
17-07-20,76.081001,76.171997,74.920998,75.777496,29134000
20-07-20,75.763,78.514503,75.18,78.286003,31146000
21-07-20,79.349503,79.349503,77.713997,77.920998,24324000
22-07-20,78.025002,78.5,77.305,78.4245,18640000
23-07-20,78.348503,78.593498,75.369598,75.783997,32552000
24-07-20,74.946503,75.881798,74.419998,75.593498,30880000
27-07-20,75.779999,77.0485,75.760498,76.510002,24920000
28-07-20,76.259003,76.323997,74.883003,75.016998,34044000
29-07-20,75.316002,76.562599,75.066498,76.100998,22130000
30-07-20,74.849998,76.893501,74.611,76.572502,33428000
31-07-20,75.250504,75.447502,72.7015,74.148003,68798000
03-08-20,74.332001,74.523499,73.281998,73.722504,46604000
04-08-20,73.828499,74.278,72.932503,73.248497,38070000
05-08-20,73.464996,74.120499,73.172997,73.680496,39590000
06-08-20,73.587502,75.119499,73.300003,75.004997,39908000
07-08-20,75,75.842247,74.082001,74.724503,31556000
10-08-20,74.359001,75.203751,73.653999,74.805,25786000
11-08-20,74.622002,75.5,73.900002,74.015999,29088000
12-08-20,74.278999,75.619301,74.262497,75.331001,28740000
13-08-20,75.516998,76.862503,75.400253,75.922501,29104000
14-08-20,75.782997,76.095001,75.143997,75.386497,27096000
17-08-20,75.733498,76.280502,75.398499,75.899002,27566000
18-08-20,76.308998,78.123497,76.185501,77.93,40542000
19-08-20,77.665497,78.683998,77.197502,77.376503,33212000
20-08-20,77.172501,79.293503,76.910004,79.087502,34138000
21-08-20,78.851501,79.886002,78.400253,79.021004,28930000
24-08-20,79.698997,80.708504,79.028503,79.410004,28198000
25-08-20,79.1035,80.581001,79.1035,80.411003,44942000
26-08-20,80.400002,82.960999,80.18,82.619003,79868000
27-08-20,82.683998,82.75,81.287498,81.716499,37232000
28-08-20,81.6745,82.358498,81.537498,82.220497,29980000
31-08-20,82.394501,82.398247,81.515503,81.709,36468000
01-09-20,81.831497,83.286499,81.611,83.0355,36506000
02-09-20,83.688751,86.658997,83.316498,86.414001,50224000
03-09-20,85.485703,85.485703,80.752998,82.092003,62156000
04-09-20,81.212997,82.255501,77.380653,79.552002,52172000
08-09-20,76.675499,78.193253,76.400497,76.619499,52218000
09-09-20,77.876503,78.449997,76.802551,77.848,35494000
10-09-20,78.031998,79.204048,76.290253,76.600998,32372000
11-09-20,76.800003,78.760002,74.867996,76.036003,31942000
14-09-20,76.950249,78.199997,75.787003,75.963997,33932000
15-09-20,76.800003,77.9785,76.591751,77.071999,26622000
16-09-20,77.777,78.099998,75.990997,76.044998,26234000
17-09-20,74.800003,75.414902,73.5,74.776497,37596000
18-09-20,74.900497,75.150146,71.856499,72.999496,62078000
21-09-20,72.002998,72.417999,70.327499,71.557999,57776000
22-09-20,72.504501,73.475998,71.726501,73.273003,31664000
23-09-20,72.939003,73.047997,70.385002,70.760498,33148000
24-09-20,70.551498,72.185448,70.4925,71.414497,29004000
25-09-20,71.6315,72.5,70.667,72.248001,26460000
28-09-20,73.710503,73.839996,72.46505,73.225998,40158000
29-09-20,73.519501,73.833153,72.940247,73.466499,19564000
30-09-20,73.339996,74.487503,72.994003,73.480003,34032000
01-10-20,74.213501,74.952003,73.960503,74.504501,35590000
02-10-20,73.101501,74.160004,72.545998,72.920998,25682000
05-10-20,73.310501,74.4105,73.213501,74.301003,22266000
06-10-20,73.778999,74.337997,72.429497,72.671997,24908000
07-10-20,73.2145,73.447998,71.800003,73.014503,34924000
08-10-20,73.254501,74.5,73.254501,74.296501,23756000
09-10-20,74.735001,75.825996,74.472504,75.761002,28706000
12-10-20,77.150002,79.693001,76.628502,78.457497,49652000
13-10-20,79.186501,79.5,78.160004,78.584,32020000
14-10-20,78.929497,79.384201,77.526497,78.403999,38586000
15-10-20,77.357498,78.755249,77.251503,77.956497,30800000
16-10-20,78.292503,79.056503,78.150002,78.650497,28694000
19-10-20,79.023003,79.407501,76.400002,76.730499,32142000
20-10-20,76.352501,78.875,76.283501,77.796501,44834000
21-10-20,78.666496,80.936501,78.581497,79.665497,51366000
22-10-20,79.652496,81.099503,79.25,80.766502,28672000
23-10-20,81.303497,82.117996,81.025497,82.050003,27516000
26-10-20,81.250504,81.912003,78.824997,79.522499,37066000
27-10-20,79.783501,80.342247,79.139,80.212997,24580000
28-10-20,77.987,78.067497,75.731003,75.831001,36680000
29-10-20,76.117996,79.685501,76.112,78.362,40062000
30-10-20,83.605499,84.349998,80.223,81.050499,86582000
02-11-20,81.407997,83.038498,80.801498,81.301498,50708000
03-11-20,81.588997,83.084999,80.831001,82.510498,33234000
04-11-20,85.514,88.568253,85.301498,87.456497,71418000
05-11-20,89.050003,89.681999,87.525497,88.168503,41316000
06-11-20,87.697502,88.621498,87.017502,88.087502,33218000
09-11-20,89.544998,90.903,88.000999,88.150002,45366000
10-11-20,86.554497,88.150002,85.864998,87.019501,52722000
11-11-20,87.5,88.210999,87.368248,87.635498,25280000
12-11-20,87.3815,88.413498,87.279999,87.491997,24950000
13-11-20,87.8815,89.052002,87.227501,88.850998,29998000
16-11-20,88.584999,89.953499,88.384499,89.069,24936000
17-11-20,88.847,89.25,88.349998,88.5075,22942000
18-11-20,88.261497,88.6735,87.306999,87.338997,23470000
19-11-20,86.918999,88.4795,86.85025,88.195999,24998000
20-11-20,88.260498,88.699997,87.093002,87.109497,46270000
23-11-20,87.480003,87.695,85.886002,86.742996,43232000
24-11-20,86.525002,88.580002,86.384499,88.444,31560000
25-11-20,88.644501,88.927002,87.827003,88.571503,20916000
27-11-20,88.654503,90.199997,88.622002,89.6595,17698000
30-11-20,89.059196,89.403252,87.75,88.037003,36476000
01-12-20,88.718498,91.241501,88.468498,89.904999,34738000
02-12-20,89.904999,91.782501,89.473648,91.397499,24440000
03-12-20,91.2005,92.360001,91.1325,91.338501,24546000
04-12-20,91.225998,91.657997,90.849503,91.399498,27564000
07-12-20,90.949997,91.6185,90.289001,90.973999,26418000
08-12-20,90.504997,91.095001,89.810249,90.927498,21926000
09-12-20,90.600502,91.713501,88.390503,89.206497,30152000
10-12-20,88.489998,89.065498,87.015999,88.766502,27256000
11-12-20,88.153,89.222504,88,89.088501,24414000
14-12-20,88.75,89.869499,87.860748,88.002998,32004000
15-12-20,88.221001,88.570999,87.497498,88.388496,29646000
16-12-20,88.643997,88.650002,87.804001,88.150002,30270000
17-12-20,88.425499,88.589203,86.932999,87.394997,32494000
18-12-20,87.709,87.755501,86.011002,86.550499,80328000
21-12-20,85.675499,87.042503,84.949997,86.968498,36568000
22-12-20,86.721497,86.870247,85.628754,86.175003,18734000
23-12-20,86.405502,87.399498,86.251999,86.619003,20676000
24-12-20,86.75,87.300003,86.455498,86.942497,6936000
28-12-20,87.581749,89.5364,87.31675,88.804497,27860000
29-12-20,89.389503,89.622002,87.804497,87.935997,25988000
30-12-20,88.100502,88.254753,86.279999,86.975998,26122000
31-12-20,86.771004,87.946503,86.771004,87.594002,20238000
04-01-21,87.876999,88.032501,85.392502,86.412003,38038000
05-01-21,86.25,87.383499,85.900749,87.045998,22906000
06-01-21,85.1315,87.400002,84.949997,86.764503,52042000
07-01-21,87.002998,89.419998,86.852501,89.362503,45300000
08-01-21,89.399002,90.491997,88.67675,90.360497,41012000
11-01-21,89.303497,89.715752,88.026001,88.335999,24194000
12-01-21,87.695999,88.902,86.265503,87.327499,27140000
13-01-21,86.929001,88.251747,86.900497,87.720001,21882000
14-01-21,87.681,88.750504,86.669998,87.009003,23590000
15-01-21,86.9095,87.800003,86.077499,86.809502,26844000
19-01-21,87.612503,90.463753,87.072998,89.542999,34692000
20-01-21,91.572998,95.185501,91.276497,94.345001,49806000
21-01-21,94.900002,96.742996,94.355499,94.5625,41278000
22-01-21,94.783997,95.547501,94.087997,95.052498,25442000
25-01-21,96.033501,96.478996,93.376503,94.970001,38546000
26-01-21,94.442001,96.25,94.21225,95.862,26262000
27-01-21,94.126503,94.5,90.449997,91.539497,54966000
28-01-21,92.196999,94.941498,92.132004,93.155502,35462000
29-01-21,92.308502,92.863998,90.510002,91.787003,32252000
01-02-21,92.678497,96.119598,92.546501,95.067497,32044000
02-02-21,96.127998,97.788002,95.724503,96.375504,45474000
03-02-21,103.650002,105.824997,100.918999,103.503502,82364000
04-02-21,103.444504,103.927498,102.129501,103.1185,37046000
05-02-21,103.5,105.125504,102.966499,104.900002,30702000
08-02-21,105.295502,106.177353,103.599998,104.6455,24838000
09-02-21,103.927002,105.2565,103.927002,104.175499,17798000
10-02-21,104.710503,105.418503,103.154503,104.768997,22710000
11-02-21,104.975502,105.101501,103.865997,104.794502,18914000
12-02-21,104.512497,105.441002,104.156502,105.205498,17114000
16-02-21,105.218002,107.634003,105.218002,106.095001,22676000
17-02-21,105,106.682999,104.945999,106.415497,21418000
18-02-21,105.519501,106.636749,105.185501,105.860001,22432000
19-02-21,105.963501,106.526497,104.870499,105.056999,29148000
22-02-21,103.349998,104.570999,103.107002,103.244003,27350000
23-02-21,101.250504,104.100502,100.100998,103.542999,33348000
24-02-21,102.091499,105.039001,101.906502,104.758499,24966000
25-02-21,103.372498,104.744003,101.064499,101.568001,36568000
26-02-21,102.526001,103.550499,100.803001,101.843002,41670000
01-03-21,102.825996,104.325996,102.305,104.0755,28090000
02-03-21,103.809502,105.218498,103.563004,103.792,22692000
03-03-21,103.360497,104.425903,100.5,101.335503,29684000
04-03-21,101.168503,104.461998,101.013496,102.454498,42360000
05-03-21,103.655998,105.905502,102.320747,105.427002,43904000
08-03-21,105.056503,106.440498,101.080498,101.208504,32948000
09-03-21,103.5,103.902,102.391502,102.635002,33946000
10-03-21,103.587997,103.75,101.668503,102.751503,25372000
11-03-21,103.703003,106.285004,103.619003,105.738503,24782000
12-03-21,104.25,104.513,102.377502,103.096001,34516000
15-03-21,103.114998,103.352997,102.175499,103.324501,25962000
16-03-21,103.949501,106.178001,103.5,104.625999,29832000
17-03-21,103.801498,105.488998,102.699997,104.554001,25980000
18-03-21,103.050003,103.775002,101.677498,101.810997,27228000
19-03-21,102.102501,102.654999,100.884003,102.160004,46298000
22-03-21,102.092003,102.899498,101.303497,101.929497,39096000
23-03-21,102.584999,103.615097,101.960999,102.648003,27340000
24-03-21,103.268501,103.9105,102.077751,102.252998,23080000
25-03-21,102.240501,102.943497,100.536499,102.218002,28378000
26-03-21,101.943001,102.5495,100.700996,101.777496,29870000
29-03-21,101.393997,102.921501,100.780998,102.797501,24596000
30-03-21,102.8815,103.539001,102.2015,102.777,20732000
31-03-21,102.956001,104.666351,102.83725,103.431503,29198000
01-04-21,104.897499,107.147003,104.844498,106.887497,33980000
05-04-21,107.647003,111.865501,107.581001,111.277496,43298000
06-04-21,111.125,111.883003,110.739998,111.237503,27060000
07-04-21,111.306503,112.75,111.266502,112.484001,25798000
08-04-21,113.898003,114.200249,112.884003,113.272003,27166000
09-04-21,112.834999,114.452003,112.685699,114.293999,20888000
12-04-21,113.3125,113.765999,111.923248,112.739502,31318000
13-04-21,113.073502,113.860497,112.804497,113.363503,23310000
14-04-21,113.758003,113.899498,112.459503,112.741997,20220000
15-04-21,113.848999,115.329849,113.300003,114.833,27472000
16-04-21,115.150002,115.321999,114.222504,114.888,22596000
19-04-21,114.598999,115.922501,114.39225,115.120003,24688000
20-04-21,115.394501,115.480003,113.585503,114.681503,21774000
21-04-21,114.262497,114.765999,112.928497,114.664497,23930000
22-04-21,114.661499,115.188103,112.822502,113.396004,21096000
23-04-21,114.1735,116.291,113.9105,115.764999,28670000
26-04-21,115.996498,117.063004,115.692001,116.336998,20834000
27-04-21,116.800003,116.872498,115.213501,115.356003,31972000
28-04-21,120.357246,122.618896,118.7425,118.995499,59728000
29-04-21,120.516502,121.825996,120.113998,121.494499,39554000
30-04-21,120.224503,121.357002,120.108002,120.505997,39142000
03-05-21,120.136002,120.985001,119.224998,119.758499,33788000
04-05-21,118.487,118.962997,115.584999,117.712502,35120000
05-05-21,118.420998,119.110001,117.570503,117.836998,21806000
06-05-21,117.531998,119.135498,117.116898,119.067497,20618000
07-05-21,120,120.820503,119.5,119.934502,23272000
10-05-21,118.744499,118.900002,116.736504,117.083,26006000
11-05-21,114.593002,116.099998,114.150002,115.438004,32110000
12-05-21,113.085503,114.268501,111.502502,111.954002,34934000
13-05-21,113.054497,113.830048,112.136002,113.098503,26670000
14-05-21,114.591499,116.056999,114.166,115.807999,26624000
17-05-21,115.466003,116.167,114.75,116.070503,19842000
18-05-21,116.845299,117.157501,115.157997,115.171501,17302000
19-05-21,113.220001,115.837997,113.176003,115.435501,19350000
20-05-21,116.402,118.016998,116.054497,117.804497,23832000
21-05-21,118.2995,118.449997,117.1185,117.254997,22832000
24-05-21,118.349998,120.924004,118.005501,120.333504,21244000
25-05-21,121,121.644501,120.149498,120.453499,18838000
26-05-21,120.641747,122.147202,120.625748,121.676498,21856000
27-05-21,121.847,122,120.099998,120.125504,38962000
28-05-21,121.098,121.406998,120.384499,120.578003,24108000
01-06-21,121.099998,121.898552,120.244003,121.490501,19166000
02-06-21,121.765503,122.099998,120.209999,121.064003,17158000
03-06-21,119.750999,120.487251,119.141502,120.230499,18346000
04-06-21,121.125999,122.692947,120.888496,122.587997,25948000
07-06-21,122.566002,123.400002,122.05365,123.304497,23850000
08-06-21,123.995003,124.724747,123.412003,124.142502,25060000
09-06-21,124.974998,125.25,124.366501,124.57,20126000
10-06-21,124.7005,126.163002,124.699997,126.080002,31234000
11-06-21,126.246002,126.349503,124.914497,125.696503,25240000
14-06-21,125.669502,126.411499,125.046997,126.351997,22550000
15-06-21,126.522003,126.862,125.648499,126.032997,22182000
16-06-21,126.247498,126.523499,124.149948,125.696503,26316000
17-06-21,125.523003,127.196503,125.514999,126.371002,25756000
18-06-21,125.705498,126.389,124.602997,125.567497,53306000
21-06-21,125.739998,127.036751,125.134247,126.455002,26256000
22-06-21,126.449997,127.269997,126.026497,126.999496,20984000
23-06-21,126.550003,127.795998,126.251999,126.461502,19694000
24-06-21,127.053497,127.5355,126.959999,127.281998,18934000
25-06-21,126.957001,127.504997,126.444,126.995003,33484000
28-06-21,127,127.336998,125.973801,126.819504,28110000
29-06-21,126.772499,127,125.436996,126.018501,20950000
30-06-21,125.653549,125.800003,124.7575,125.316002,24006000
01-07-21,124.849747,126.462502,124.849747,126.3685,17120000
02-07-21,126.8395,128.848007,126.768997,128.718994,21160000
06-07-21,129.449493,129.884506,128.408997,129.770996,21350000
07-07-21,130.341003,130.639893,129.759995,130.077499,16680000
08-07-21,128.25,130.032501,128.039993,129.177002,19780000
09-07-21,128.944504,129.849503,128.943497,129.574493,15106000
12-07-21,129.833496,130.770004,129.600006,130.563995,16944000
13-07-21,130.8815,132.042007,130.636993,130.994507,16618000
14-07-21,131.901505,132.996002,131.897995,132.082504,17912000
15-07-21,132.5,132.595001,130.598007,131.266495,16586000
16-07-21,131.641006,132.182999,130.821503,131.845505,14856000
19-07-21,131.155502,131.246994,128.537003,129.253998,25710000
20-07-21,130.003998,132.001343,129.1884,131.101501,19084000
21-07-21,130.787003,132.617249,130.601501,132.600494,14742000
22-07-21,132.649994,133.504501,132.399994,133.328506,13608000
23-07-21,135.259995,138.808502,134.7005,137.815994,26378000
26-07-21,138.25,139.712997,137.651001,139.644501,23052000
27-07-21,140.011002,140.011002,135.100006,136.796494,42164000
28-07-21,138.561996,139.675995,136.350006,136.3815,54688000
29-07-21,136.3806,137.151505,136.138,136.540497,19284000
30-07-21,135.511002,135.771347,134.814194,135.220993,23954000
02-08-21,135.484497,136.020493,134.669495,135.989502,20140000
03-08-21,136,136.335495,134.183502,136.279999,19064000
04-08-21,136.249496,136.537994,135.414993,136.028503,16528000
05-08-21,136.028503,136.949997,135.600006,136.940002,11866000
06-08-21,136.294998,137.080048,136.046494,137.035995,13560000
09-08-21,136.949005,138.321503,136.428757,138.001999,12374000
10-08-21,138.079498,138.551498,137.226501,138.096497,16034000
11-08-21,138.283005,138.847748,137.350006,137.689499,15204000
12-08-21,137.712997,138.417999,136.779007,138.389496,14646000
13-08-21,138.357498,138.673996,138.005005,138.406006,12580000
16-08-21,138,138.990494,136.165756,138.916,18040000
17-08-21,138.190994,138.718506,136.787506,137.300507,21272000
18-08-21,137.115494,138.294006,136.421005,136.570007,14934000
19-08-21,135.467499,137.451996,135.356003,136.913498,18296000
20-08-21,137.082993,138.614502,136.466995,138.436996,15564000
23-08-21,138.998505,142.177002,138.747955,141.099503,21090000
24-08-21,141.543503,143.007507,141.3535,142.398499,15126000
25-08-21,142.882996,143.313004,142.439499,142.949997,12838000
26-08-21,142.6185,143.134796,142.091507,142.123001,14922000
27-08-21,142.112503,145.011002,142.020004,144.550507,24562000
30-08-21,144.704498,146.489502,144.600006,145.469498,16916000
31-08-21,145.884506,146.112,145,145.462006,26756000
01-09-21,145.649994,146.820496,145.614502,145.841995,15824000
02-09-21,145.949493,146.324997,144.106506,144.218994,21844000
03-09-21,144.145996,145.376999,143.505005,144.774994,19104000
07-09-21,144.749496,145.824005,144.541,145.518997,15170000
08-09-21,145.393494,145.550995,144.199997,144.883499,15486000
09-09-21,144.883499,145.669495,144.434006,144.913498,14798000
10-09-21,145.443497,146.018997,141.741501,141.921005,32896000
13-09-21,143.201004,144.190994,142.282501,143.464996,20176000
14-09-21,144.160995,144.727493,142.905502,143.406006,18916000
15-09-21,143.759003,145.581497,142.255997,145.205994,20648000
16-09-21,145.121002,145.199997,143.416351,144.373505,20292000
17-09-21,143.798492,144.249496,141.061493,141.463501,60040000
20-09-21,139.000198,139.362503,137.052994,139.016998,34918000
21-09-21,140.117004,140.8116,138.905502,139.6465,18130000
22-09-21,140.050507,141.583496,139.471756,140.938507,22068000
23-09-21,141.609497,142.252457,141.096497,141.826508,17272000
24-09-21,140.945999,142.903503,140.850494,142.632996,14950000
27-09-21,141.585495,142.5,140.5,141.501007,18844000
28-09-21,139.088501,139.606506,135.699997,136.184006,42190000
29-09-21,137.109695,137.398499,134.25,134.520996,26338000
30-09-21,134.324997,135.589996,133,133.265503,35294000
01-10-21,133.554504,137.070999,133.377502,136.462494,28388000
04-10-21,135.699493,135.699997,131.166504,133.764999,31530000
05-10-21,134,137.362,134,136.177002,24126000
06-10-21,134.625504,137.852005,134.486496,137.354004,19764000
07-10-21,138.863007,140.154449,138.563004,139.185501,18250000
08-10-21,139.906006,140.317001,139.429352,140.056,18924000
11-10-21,139.800003,140.763657,138.806503,138.847504,16584000
12-10-21,139.637497,139.695007,136.25,136.712997,22536000
13-10-21,137.75,138.550003,136.976501,137.899994,16380000
14-10-21,139.951996,141.651505,139.339005,141.412003,21426000
15-10-21,142.199997,142.199997,141.064499,141.675003,21250000
18-10-21,141.213501,142.998749,141.213501,142.960495,16564000
19-10-21,143.291504,144.106995,143.095993,143.822006,15316000
20-10-21,144.222504,144.247757,141.912003,142.414993,17940000
21-10-21,142.192001,142.849503,141.636993,142.780502,14850000
22-10-21,140.350998,141.558502,137.170502,138.625,30182000
25-10-21,138.810501,139.205795,136.748505,138.772995,21082000
26-10-21,140.606003,140.839493,139.005493,139.671997,28258000
27-10-21,139.902496,149.117996,139.902496,146.427505,51850000
28-10-21,147.298996,147.4245,144.763504,146.128998,32418000
29-10-21,145.520004,148.613007,145.166504,148.270493,28954000
01-11-21,148.164993,148.399506,143.579498,143.774002,32272000
02-11-21,144.809402,146.920502,144.641006,145.863007,21150000
03-11-21,146.274994,146.910507,145.053497,146.789993,17886000
04-11-21,147.199997,149.949997,146.634995,148.682999,24700000
05-11-21,149.3535,150.570755,148.651993,149.240997,20408000
08-11-21,150,151.0345,149.119995,149.351501,18388000
09-11-21,149.746002,150.378494,147.507004,149.248505,16876000
10-11-21,148.00975,148.699997,145.324997,146.626007,22708000
11-11-21,147.106995,148.502243,146.694504,146.748001,12464000
12-11-21,147.831497,149.859497,146.453995,149.645493,17048000
15-11-21,150,150.477005,148.652496,149.388,16248000
16-11-21,149.170502,149.832504,148.350006,149.076004,17254000
17-11-21,149.229004,149.626007,148.563004,149.061996,15290000
18-11-21,149.145996,151.610001,148.998505,150.709,26658000
19-11-21,151,151.850006,149.887497,149.952499,19766000
22-11-21,150.141754,150.744507,147.005493,147.078506,24608000
23-11-21,147.113007,147.694,144.889496,146.757004,18126000
24-11-21,146.350006,147,145.199005,146.717499,16464000
26-11-21,145.015503,145.296997,142.485504,142.806,16992000
29-11-21,144.298492,146.862,144.298492,146.113998,26276000
30-11-21,145.450256,146.628494,142.065994,142.451996,41590000
01-12-21,144.212494,146.499146,141.5,141.617996,28476000
02-12-21,141.824005,144.675003,140.981995,143.776505,21250000
03-12-21,144.495499,145.212997,141.149994,142.520493,26688000
06-12-21,143.574005,144.351501,140.647003,143.796494,22198000
07-12-21,145.949997,148.300003,145.702499,148.036499,23258000
08-12-21,148.331497,149.156494,147.199997,148.720505,18964000
09-12-21,148.175995,149.604996,147.529007,148.106003,18580000
10-12-21,149.100006,149.399994,147.357498,148.675003,21634000
13-12-21,148.444,148.5625,146.360001,146.704498,24104000
14-12-21,144.770004,145.442001,142.242493,144.970505,24778000
15-12-21,144.365997,147.517242,142.705505,147.3685,27280000
16-12-21,148.076996,148.551498,144.092499,144.838501,27400000
17-12-21,142.714493,144.460098,141.787994,142.802994,43404000
20-12-21,140.679596,142.610504,140.25,142.401505,20264000
21-12-21,143.149994,144.692047,141.735001,144.220505,19548000
22-12-21,144.100006,147.302994,143.962997,146.949005,18438000
23-12-21,147.089493,148.572601,146.950851,147.142502,13818000
27-12-21,147.463501,148.426498,147.25,148.063995,13256000
28-12-21,148.374496,148.374496,145.935501,146.447998,18624000
29-12-21,146.429504,147.183746,145.504501,146.504501,17022000
30-12-21,146.449997,147.0625,145.758499,146.002502,12978000
31-12-21,145.544006,146.365005,144.677505,144.679504,17298000
03-01-22,144.475494,145.550003,143.502502,145.074493,25214000
04-01-22,145.550507,146.610001,143.816147,144.416504,22928000
05-01-22,144.181,144.298004,137.523499,137.653503,49642000
06-01-22,137.497498,139.686005,136.763504,137.550995,29050000
07-01-22,137.904999,138.254745,135.789001,137.004501,19408000
10-01-22,135.098999,138.639999,133.140503,138.574005,34096000
11-01-22,138.180496,140.329498,136.813507,140.017502,23502000
12-01-22,141.554504,142.814255,141.112,141.647995,23642000
13-01-22,141.8405,143.185501,138.914001,139.130997,26566000
14-01-22,137.5,141.2005,137.5,139.786499,23826000
18-01-22,136.600006,137.391495,135.617004,136.290497,27382000
19-01-22,136.938507,138.399506,135.5,135.651993,20796000
20-01-22,136.514008,137.912003,133.144501,133.5065,21930000
21-01-22,133.011993,134.760498,130.001007,130.091995,41920000
24-01-22,126.027496,130.778503,124.641953,130.371994,55148000
25-01-22,128.435501,129.338501,126.377998,126.735497,36008000
26-01-22,130.592499,132.807495,127.153503,129.240005,39630000
27-01-22,131.360992,132.609955,128.945007,129.121002,30248000
28-01-22,130,133.370499,128.694504,133.289505,30518000
31-01-22,134.197998,135.843506,132.274002,135.698502,34056000
01-02-22,137.835007,138.199997,134.568253,137.878494,51204000
02-02-22,151.863495,152.100006,145.557495,148.036499,89750000
03-02-22,145.294998,149.117706,142.205002,142.650497,56930000
04-02-22,143.016998,144.535248,139.817505,143.016006,49224000
07-02-22,143.709,143.846497,138.699005,138.938004,44610000
08-02-22,138.991257,139.837097,136.873001,139.212997,34256000
09-02-22,140.849747,142.175507,140.376999,141.453003,28628000
10-02-22,139.5,141.431,138.050003,138.602493,33018000
11-02-22,138.75,139.283249,133.288498,134.130005,38808000
14-02-22,133.365494,136.166504,133.302002,135.300003,26792000
15-02-22,137.471497,137.899994,135.539505,136.425507,26578000
16-02-22,136.430496,137.945999,134.823654,137.487503,25610000
17-02-22,136.149994,136.839493,132.201996,132.308502,30968000
18-02-22,133.037506,133.824005,130.307053,130.467499,31858000
22-02-22,129.985001,131.900757,127.740997,129.402496,38906000
23-02-22,131.078506,131.748993,127.503502,127.584999,26432000
24-02-22,125,133.037003,124.764503,132.673492,43166000
25-02-22,133.525497,135.389008,131.764999,134.519501,26236000
28-02-22,133.2845,135.640503,132.825256,134.891006,29676000
01-03-22,134.479996,136.110992,133.378494,134.167999,24640000
02-03-22,134.608246,135.615494,133.432495,134.751495,23966000
03-03-22,135.9785,136.713806,133.431,134.307999,19780000
04-03-22,133.382507,134.199005,130.408493,132.121994,24446000
07-03-22,131.904007,131.904007,126.410004,126.4645,39178000
08-03-22,126.250504,131.246506,125.860748,127.278503,35250000
09-03-22,131.399994,134.198502,130.087997,133.865997,32258000
10-03-22,131.462494,133.538498,131.401001,132.682007,24266000
11-03-22,133.999496,134.199997,130.296494,130.475494,26600000
14-03-22,130.572998,131.026001,126.413002,126.740997,30254000
15-03-22,127.741501,130.517242,126.568001,129.660507,30292000
16-03-22,131,133.770996,129.201004,133.690506,32058000
17-03-22,133.320999,134.739502,132.718994,134.600494,23994000
18-03-22,133.884003,136.913498,132.932007,136.801498,45900000
21-03-22,136.847504,137.582504,134.611496,136.4785,26632000
22-03-22,136.5,141.5,136.5,140.277496,29776000
23-03-22,139.138504,140.024994,138.166504,138.503494,25302000
24-03-22,139.272507,141.3965,138.039398,141.311996,20544000
25-03-22,141.753998,141.959503,139.699493,141.5215,19270000
28-03-22,140.684494,141.976501,139.828156,141.949997,23774000
29-03-22,143.160507,144.162506,142.483994,143.25,28678000
30-03-22,142.869995,143.480499,142.167999,142.644501,21046000
31-03-22,142.448502,142.644501,139.619003,139.649506,29516000
01-04-22,140.009995,140.949997,138.796997,140.699997,23480000
04-04-22,140.824493,144.043747,140.824493,143.642502,19076000
05-04-22,143.399506,143.589996,140.943497,141.063004,19256000
06-04-22,139.161499,139.848495,136.418106,137.175995,23574000
07-04-22,136.617996,137.701508,134.857254,136.464996,19448000
08-04-22,136.25,136.25,133.752502,134.010498,16434000
11-04-22,132.899994,132.939194,129.617493,129.796494,24188000
12-04-22,132.423492,132.423492,127.575996,128.374496,23004000
13-04-22,128.626495,130.655746,128.438599,130.285995,19542000
14-04-22,130.649506,130.710251,127.111504,127.252998,23484000
18-04-22,127.410004,128.712006,126.578453,127.960999,14918000
19-04-22,128.076996,130.903748,127.4515,130.531006,22720000
20-04-22,131.283997,131.923492,127.894051,128.245499,22610000
21-04-22,129.350006,130.307495,124.650002,124.9375,30158000
22-04-22,125,125.452003,119.140503,119.613998,46410000
25-04-22,119.429497,123.278,118.769249,123.25,34522000
26-04-22,122.75,122.75,119.16185,119.505997,49394000
27-04-22,114.373001,117.5,113.124252,115.0205,62238000
28-04-22,117.114998,120.438499,115.143898,119.411499,36790000
29-04-22,117.578003,118.959999,114.694,114.966499,33694000
02-05-22,113.906502,117.3395,113.399498,117.156998,30280000
03-05-22,116.764999,119.300003,116.626999,118.129501,21216000
04-05-22,118.003502,123.142998,115.738503,122.574997,33232000
05-05-22,120.220497,121.233253,115.182503,116.746498,43090000
06-05-22,115.518997,117.498497,114.142998,115.660004,35310000
09-05-22,113.303497,115.562897,112.551498,113.084,34520000
10-05-22,116.040497,116.691002,113.383301,114.584503,31158000
11-05-22,113.710503,116.670998,113.650002,113.960999,36502000
12-05-22,111.938004,114.856499,110.113503,113.161003,41464000
13-05-22,114.845497,118.084999,114,116.515503,29738000
16-05-22,115.384003,116.607498,114.334999,114.792503,23282000
17-05-22,117.227501,117.227501,115.337502,116.7015,21576000
18-05-22,115.237503,115.695648,112.141998,112.401001,27982000
19-05-22,111.841003,113.587502,110.468002,110.745499,29192000
20-05-22,112.085503,112.550003,106.373001,109.313004,37586000
23-05-22,110.103996,112.005501,109.154251,111.666496,31558000
24-05-22,106.377502,106.394997,102.208,105.926003,60386000
25-05-22,105.141998,106.544701,104.21125,105.8395,37900000
26-05-22,106.050499,108.955254,105.487999,108.295998,30288000
27-05-22,109.788498,112.867996,109.550003,112.799004,29924000
31-05-22,113.079002,116.433502,112.572502,114.039001,51302000
01-06-22,114.931503,117.399002,113.550499,114.137001,28630000
02-06-22,114.188004,117.898003,113.307999,117.746002,27472000
03-06-22,115.9925,116.364502,113.667999,114.564003,25052000
06-06-22,116.7425,119.398499,116.528297,117.010498,23786000
07-06-22,115.648003,117.74865,115.125504,117.2295,26414000
08-06-22,116.876503,118.646004,116.696747,117.237999,22544000
09-06-22,116.341499,118.349998,114.866997,114.917999,23142000
10-06-22,112.78125,113.497002,110.861,111.427498,31324000
13-06-22,107.445999,109.218498,106.588051,106.876503,36756000
14-06-22,106.889999,108.457497,106.351997,107.194,25480000
15-06-22,108.899498,112.063004,108.118752,110.390503,33192000
16-06-22,108.149498,109.290497,105.792503,106.636002,35314000
17-06-22,106.535004,109.249496,105.628548,107.865501,43516000
21-06-22,109.702003,112.672997,109.293503,112.014999,39010000
22-06-22,111.163002,113.769501,110.724297,112.033997,23922000
23-06-22,112.949997,113.196503,111.028999,112.684502,24710000
24-06-22,113.602997,118.637497,113.602997,118.538002,39122000
27-06-22,118.934998,119.25,116.000748,116.622498,32840000
28-06-22,116.350998,117.856499,112.444,112.571503,28232000
29-06-22,112.148499,113.664497,111.554001,112.2565,18628000
30-06-22,110.499496,111.329803,107.309998,109.372498,38046000
01-07-22,108.336998,109.806351,107.105003,109.081001,31028000
05-07-22,107.514503,114.052597,106.249496,113.887001,36398000
06-07-22,114.092003,116.351997,112.250504,115.213501,28852000
07-07-22,116.008003,119.862,115.533997,119.306,32184000
08-07-22,117.550003,120.434998,117.514,120.168503,29082000
11-07-22,118.650002,118.794502,116.234497,116.522499,26718000
12-07-22,116.838501,117.849503,114.614998,114.849503,24970000
13-07-22,112.639,115.156998,111.822998,112.186996,38958000
14-07-22,110.825996,111.987503,109.3255,111.440002,32366000
15-07-22,112.962997,114.000504,111.822502,112.766998,34330000
18-07-22,113.440002,114.800003,109.300003,109.910004,33354000
19-07-22,111.730003,114.809998,110.5,114.620003,30992300
20-07-22,114.059998,116.330002,113.260002,114.699997,26780100
21-07-22,115.089996,115.209999,111.910004,115.040001,27267800
22-07-22,111.809998,113.18,107.599998,108.360001,44455300
25-07-22,108.879997,110.580002,107.010002,108.209999,28289900
26-07-22,107.43,107.739998,104.760002,105.440002,36626600
27-07-22,109.599998,114.400002,108.419998,113.599998,41474600
28-07-22,112.800003,114.699997,111.850998,114.589996,23303800
29-07-22,113.400002,116.900002,113.230003,116.639999,31336200
01-08-22,115.529999,117.120003,114.690002,115.480003,22856200
02-08-22,114.43,117.080002,114.260002,115.900002,17911000
03-08-22,116.339996,119.419998,116.150002,118.779999,25302800
04-08-22,118.300003,119.5,117.709999,118.870003,15757700
05-08-22,116.93,118.860001,116.709999,118.220001,15615700
08-08-22,119.120003,120.860001,117.830002,118.139999,17061100
09-08-22,117.989998,118.199997,116.559998,117.5,15424300
10-08-22,119.589996,121.779999,119.360001,120.650002,20497000
11-08-22,122.080002,122.339996,119.550003,119.82,16671600
12-08-22,121.160004,122.650002,120.400002,122.650002,16121100
15-08-22,122.209999,123.260002,121.57,122.879997,15525000
16-08-22,122.32,123.227997,121.535004,122.510002,15626200
17-08-22,120.93,122.150002,120.199997,120.32,17589200
18-08-22,120.230003,121.690002,119.550003,120.860001,15652000
19-08-22,119.870003,120,117.669998,118.120003,20187000
22-08-22,116.099998,116.5,114.669998,115.07,19316000
23-08-22,114.32,115.93,114.300003,114.769997,14390700
24-08-22,114.449997,115.717003,113.779999,114.699997,16051200
25-08-22,115.150002,117.779999,115.050003,117.699997,14874700
26-08-22,115.809998,116.599998,111.220001,111.300003,31698700
29-08-22,110.779999,111.959999,109.809998,110.339996,20386100
30-08-22,111.029999,111.370003,108.800003,109.910004,20548200
31-08-22,111.629997,111.769997,109.050003,109.150002,25898000
01-09-22,109.199997,111.220001,108.190002,110.550003,22784400
02-09-22,111.339996,111.675003,108.129997,108.68,20618100
06-09-22,108.135002,108.879997,106.510002,107.480003,20565100
07-09-22,107.760002,110.989998,107.614998,110.480003,22987200
08-09-22,109.18,110.580002,108.059998,109.419998,21660700
09-09-22,110.050003,112,110,111.779999,21732900
12-09-22,111.989998,112.639999,110.93,111.870003,19732900
13-09-22,108.889999,109.370003,105,105.309998,33015000
14-09-22,105.440002,106.099998,104.5,105.870003,22115800
15-09-22,105.010002,106.209999,103.309998,103.900002,26494900
16-09-22,102.970001,104.029999,101.855003,103.629997,64540100
19-09-22,102.540001,104.019997,102.370003,103.849998,19738600
20-09-22,102.879997,103.169998,101.120003,101.830002,24001700
21-09-22,102.239998,103.489998,99.989998,100.010002,26596800
22-09-22,99.449997,101.68,99.410004,100.57,21272700
23-09-22,100.059998,100.110001,98.010002,99.169998,25657000
26-09-22,98.610001,100.440002,98.379997,98.809998,22437900
27-09-22,99.910004,100.459999,97.339996,98.089996,24225000
28-09-22,98.019997,101.400002,97.800003,100.739998,24617000
29-09-22,99.300003,99.300003,96.519997,98.089996,21921500
30-09-22,97.730003,99.494003,96.029999,96.150002,26277800
03-10-22,97.220001,99.970001,97.019997,99.300003,24840000
04-10-22,101.040001,102.720001,101.040001,102.410004,22580900
05-10-22,100.690002,102.739998,99.739998,102.220001,18475500
06-10-22,101.5,103.730003,101.5,102.239998,17156200
07-10-22,100.650002,101.419998,99.209999,99.57,24249900
10-10-22,99.849998,99.989998,97.870003,98.709999,16529900
11-10-22,98.25,100.120003,97.25,98.050003,21617700
12-10-22,98.269997,99.648003,97.669998,98.300003,17343400
13-10-22,95.93,100.529999,95.269997,99.709999,32812200
14-10-22,100.625,101.290001,97.029999,97.18,22624800
17-10-22,99.519997,101.769997,99.510002,100.779999,23311600
18-10-22,103.940002,104.220001,100.650002,101.389999,21610500
19-10-22,100.699997,101.658997,99.635002,100.290001,21573700
20-10-22,100.82,103,99.970001,100.529999,25125100
21-10-22,98.459999,101.620003,98.230003,101.480003,28988700
24-10-22,102.089996,103.099998,100.300003,102.970001,24680800
25-10-22,103.300003,105.099998,103.019997,104.93,29910200
26-10-22,96.760002,98.540001,94.57,94.82,71504300
27-10-22,94.309998,95.169998,91.900002,92.599998,54036500
28-10-22,92.529999,96.860001,92.322998,96.580002,35696900
31-10-22,95.779999,96.349998,94.379997,94.660004,29868700
01-11-22,95.589996,96.165001,90.43,90.5,43220600
02-11-22,90.910004,91.300003,87.010002,87.07,43553600
03-11-22,86.345001,86.550003,83.449997,83.489998,48510400
04-11-22,85.510002,86.730003,83.879997,86.699997,40173300
07-11-22,87.339996,88.940002,86.959999,88.650002,26899900
08-11-22,89.160004,90.404999,87.650002,88.910004,30172000
09-11-22,88.544998,89.489998,87.360001,87.400002,26743900
10-11-22,92.339996,94.550003,91.650002,94.169998,42371200
11-11-22,94.709999,97.360001,94.160004,96.730003,30569100
14-11-22,95.5,97.18,95.112999,96.029999,24170100
15-11-22,98.669998,100.419998,97.019997,98.720001,31831000
16-11-22,98.019997,99.849998,97.902,98.989998,24660200
17-11-22,97.18,99.480003,97.099998,98.5,21818700
18-11-22,99.010002,99.160004,96.739998,97.800003,24969900
21-11-22,97.559998,98.720001,95.669998,95.830002,18696900
22-11-22,96.160004,97.547997,94.410004,97.330002,18868900
23-11-22,97.339996,99.069,97.339996,98.82,17568900
25-11-22,98.464996,98.940002,97.529999,97.599998,8567800
28-11-22,97.199997,97.830002,95.889999,96.25,19974500
29-11-22,96,96.389999,94.389999,95.440002,20220000
30-11-22,95.120003,101.449997,94.669998,101.449997,39888100
01-12-22,101.400002,102.589996,100.669998,101.279999,21771500
02-12-22,99.370003,101.150002,99.169998,100.830002,18821500
05-12-22,99.815002,101.75,99.355003,99.870003,19955500
06-12-22,99.669998,100.209999,96.760002,97.309998,20877600
07-12-22,96.769997,97.309998,95.025002,95.150002,26647900
08-12-22,95.690002,95.870003,93.800003,93.949997,25593200
09-12-22,93.900002,94.489998,93.019997,93.07,21885300
12-12-22,93.089996,93.875,91.900002,93.559998,27380900
13-12-22,98.07,99.800003,95.379997,95.849998,34788500
14-12-22,95.540001,97.220001,93.940002,95.309998,26452900
15-12-22,93.540001,94.029999,90.43,91.199997,28298800
16-12-22,91.199997,91.75,90.010002,90.860001,48485500
19-12-22,90.879997,91.199997,88.925003,89.150002,23020500
20-12-22,88.730003,89.779999,88.040001,89.629997,21976800
21-12-22,89.730003,90.915001,88.910004,90.25,20336400
22-12-22,88.93,89.18,86.940002,88.260002,23656100
23-12-22,87.620003,90.099998,87.620003,89.809998,17815000
27-12-22,89.309998,89.5,87.535004,87.93,15470900
28-12-22,87.5,88.519997,86.370003,86.459999,17879600
29-12-22,87.029999,89.364998,86.989998,88.949997,18280700
30-12-22,87.364998,88.830002,87.029999,88.730003,19190300
03-01-23,89.830002,91.550003,89.019997,89.699997,20738500
04-01-23,91.010002,91.239998,87.800003,88.709999,27046500
05-01-23,88.07,88.209999,86.559998,86.769997,23136100
06-01-23,87.360001,88.470001,85.57,88.160004,26612600
09-01-23,89.195,90.830002,88.580002,88.800003,22996700
10-01-23,86.720001,89.474998,86.699997,89.239998,22855600
11-01-23,90.059998,92.449997,89.739998,92.260002,25998800
12-01-23,92.400002,92.620003,90.57,91.910004,22754200
13-01-23,91.528,92.980003,90.93,92.800003,18630700
17-01-23,92.779999,92.970001,90.839996,92.160004,22935800
18-01-23,92.940002,93.587997,91.400002,91.779999,19641600
19-01-23,91.389999,94.400002,91.379997,93.910004,28707700
20-01-23,95.949997,99.419998,95.910004,99.279999,53704800
23-01-23,99.129997,101.400002,98.75,101.209999,31791800
24-01-23,99.550003,101.089996,98.699997,99.209999,27391400
25-01-23,97.199997,97.720001,95.262001,96.730003,31000900
26-01-23,98.279999,99.209999,96.82,99.160004,24542100
27-01-23,99.050003,101.580002,98.970001,100.709999,29020400
30-01-23,98.745003,99.408997,97.519997,97.949997,24365100
31-01-23,97.860001,99.910004,97.790001,99.870003,22306800
01-02-23,99.739998,102.190002,98.419998,101.43,26392600
02-02-23,106.790001,108.82,106.540001,108.800003,46622600
03-02-23,103.510002,108.019997,103.300003,105.220001,36823400
06-02-23,102.684998,104.699997,102.209999,103.470001,25573000
07-02-23,103.629997,108.669998,103.547997,108.040001,33738800
08-02-23,102.690002,103.580002,98.455002,100,73546000
09-02-23,100.540001,100.610001,93.860001,95.459999,97798600
10-02-23,95.739998,97.019997,94.529999,94.860001,49325300
13-02-23,95.010002,95.349998,94.050003,95,43116600
14-02-23,94.660004,95.175003,92.650002,94.949997,42513100
15-02-23,94.739998,97.339996,94.360001,97.099998,36964500
16-02-23,95.540001,97.879997,94.970001,95.779999,35642100
17-02-23,95.07,95.75,93.449997,94.589996,31095100
21-02-23,93.239998,93.415001,92,92.050003,28367200
22-02-23,91.933998,92.360001,90.870003,91.800003,29891100
23-02-23,92.129997,92.129997,90.010002,91.07,32423700
24-02-23,89.629997,90.129997,88.860001,89.349998,31295600
27-02-23,90.089996,90.449997,89.610001,90.099998,22724300
28-02-23,89.540001,91.449997,89.519997,90.300003,30546900
01-03-23,90.160004,91.199997,89.849998,90.510002,26323900
02-03-23,89.860001,92.480003,89.769997,92.309998,23328600
03-03-23,92.739998,94.110001,92.660004,94.019997,30242500
06-03-23,94.360001,96.300003,94.300003,95.580002,28288200
07-03-23,95.419998,96.089996,93.844002,94.169998,24101500
08-03-23,94.404999,96.239998,94.404999,94.650002,25395200
09-03-23,94.489998,95.919998,92.355003,92.660004,24438900
10-03-23,92.5,93.18,90.800003,91.010002,32850100
13-03-23,90.565002,93.080002,89.940002,91.660004,31508600
14-03-23,93.07,94.830002,92.779999,94.25,32303900
15-03-23,93.540001,97.25,93.040001,96.550003,38367300
16-03-23,96.57,101.970001,95.870003,101.07,54499500
17-03-23,100.839996,103.489998,100.75,102.459999,76140300
20-03-23,101.059998,102.580002,100.790001,101.93,26033900
21-03-23,101.980003,105.959999,101.860001,105.839996,33122800
22-03-23,105.139999,107.510002,104.209999,104.220001,32336900
23-03-23,105.889999,107.100998,105.410004,106.260002,31385800
24-03-23,105.739998,106.160004,104.739998,106.059998,25236200
27-03-23,105.32,105.400002,102.629997,103.059998,25393400
28-03-23,103,103,100.279999,101.360001,24913500
29-03-23,102.720001,102.82,101.029999,101.900002,26148300
30-03-23,101.440002,101.610001,100.290001,101.32,25009800
31-03-23,101.709999,104.190002,101.440002,104,28108000
03-04-23,102.669998,104.949997,102.379997,104.910004,20719900
04-04-23,104.839996,106.099998,104.599998,105.120003,20377200
05-04-23,106.120003,106.540001,104.101997,104.949997,21864200
06-04-23,105.769997,109.629997,104.815002,108.900002,34684200
10-04-23,107.389999,107.970001,105.599998,106.949997,19741500
11-04-23,106.919998,107.220001,105.279999,106.120003,18721300
12-04-23,107.389999,107.586998,104.970001,105.220001,22761600
13-04-23,106.470001,108.264999,106.440002,108.190002,21650700
14-04-23,107.690002,109.580002,107.589996,109.459999,20758700
17-04-23,105.43,106.709999,105.32,106.419998,29043400
18-04-23,107,107.050003,104.779999,105.120003,17641400
19-04-23,104.214996,105.724998,103.800003,105.019997,16732000
20-04-23,104.650002,106.888,104.639999,105.900002,22515300
21-04-23,106.089996,106.639999,105.485001,105.910004,22379000
24-04-23,106.050003,107.32,105.360001,106.779999,21410900
25-04-23,106.610001,107.440002,104.559998,104.610001,31408100
26-04-23,105.559998,107.019997,103.269997,104.449997,37068200
27-04-23,105.230003,109.150002,104.419998,108.370003,38235200
28-04-23,107.800003,108.290001,106.040001,108.220001,23957900
01-05-23,107.720001,108.68,107.5,107.709999,20926300
02-05-23,107.660004,107.730003,104.5,105.980003,20343100
03-05-23,106.220001,108.129997,105.620003,106.120003,17116300
04-05-23,106.160004,106.300003,104.699997,105.209999,19780600
05-05-23,105.32,106.440002,104.738998,106.214996,20705300
08-05-23,105.794998,108.419998,105.790001,108.239998,17266000
09-05-23,108.779999,110.595001,107.724998,107.940002,24782400
10-05-23,108.550003,113.510002,108.480003,112.279999,47533500
11-05-23,115.860001,118.440002,114.93,116.900002,57115100
12-05-23,117,118.260002,116.550003,117.919998,31272500
15-05-23,116.489998,118.794998,116.480003,116.959999,22107900
16-05-23,116.830002,121.199997,116.830002,120.089996,32370100
17-05-23,120.18,122.279999,119.459999,121.480003,26659600
18-05-23,121.559998,123.900002,121.489998,123.519997,27014500
19-05-23,124.199997,126.478996,122.720001,123.25,30251300
22-05-23,123.510002,127.050003,123.449997,125.870003,29760200
23-05-23,124.93,125.419998,123.050003,123.290001,24477900
24-05-23,121.879997,122.75,120.75,121.639999,23087900
25-05-23,125.209999,125.980003,122.900002,124.349998,33812700
26-05-23,124.065002,126,123.290001,125.43,25154700
30-05-23,126.290001,126.379997,122.889999,124.639999,27230700
31-05-23,123.699997,124.900002,123.099998,123.370003,41548800
01-06-23,123.5,125.040001,123.300003,124.370003,25017700
02-06-23,124.489998,126.745003,124.349998,125.230003,19362400
05-06-23,124.610001,127.989998,124.379997,126.629997,22672500
06-06-23,126.599998,128.880005,125.970001,127.910004,19450100
07-06-23,127.574997,129.550003,122.629997,122.940002,34179300
08-06-23,122.584999,123.730003,122.010002,122.669998,24815000
09-06-23,122.559998,124.285004,122.419998,122.870003,20304500
12-06-23,123.394997,124.75,122.349998,124.349998,22255700
13-06-23,125.650002,125.860001,123.845001,124.43,19287700
14-06-23,123.800003,124.790001,122.160004,124.379997,24659600
15-06-23,123.879997,126.160004,123.139999,125.790001,24517100
16-06-23,126.699997,126.699997,123.790001,124.059998,56686800
20-06-23,123.535004,125.175003,122.830002,123.849998,22698000
21-06-23,123.235001,123.410004,120.860001,121.260002,22612000
22-06-23,120.660004,123.934998,119.599998,123.870003,20781900
23-06-23,122.040001,123.440002,121.860001,123.019997,29542900
26-06-23,121.466003,122.720001,118.989998,119.089996,23185000
27-06-23,117.839996,119.894997,116.910004,119.010002,27221700
28-06-23,117.959999,121.269997,117.599998,121.080002,19753100
29-06-23,120.089996,120.910004,119.209999,120.010002,18517500
30-06-23,121.099998,122.029999,120.879997,120.970001,23865800
03-07-23,120.32,121.019997,119.705002,120.559998,13888300
05-07-23,120.059998,123.370003,120.059998,122.629997,17830300
06-07-23,120.639999,121.150002,119.25,120.93,17732500
07-07-23,120.889999,121.75,120.089996,120.139999,20982400
10-07-23,119.07,119.07,116.639999,116.870003,32960100
11-07-23,116.760002,118.224998,115.830002,117.709999,18286600
12-07-23,119.300003,120.959999,119,119.620003,22059600
13-07-23,121.540001,125.334999,121.059998,124.830002,31535900
14-07-23,125.129997,127.089996,124.900002,125.699997,20482800
17-07-23,126.059998,127.279999,124.5,125.059998,20675300
18-07-23,124.904999,124.989998,123.300003,124.080002,21071200
19-07-23,124.790001,125.470001,122.470001,122.779999,22313800
20-07-23,122.120003,124.699997,118.684998,119.529999,27541700
21-07-23,120.870003,121.300003,119.07,120.309998,56498100
24-07-23,121.926003,123.349998,121.379997,121.879997,22276100
25-07-23,121.879997,123.690002,121.529999,122.790001,31820800
26-07-23,130.360001,131.369995,128.710007,129.660004,46216900
27-07-23,131.800003,133.600006,129.179993,129.869995,35931600
28-07-23,130.970001,134.070007,130.919998,133.009995,26971000
31-07-23,133.009995,133.830002,132.130005,133.110001,18381900
01-08-23,130.854996,132.919998,130.75,131.889999,22154300
02-08-23,129.839996,130.419998,127.849998,128.639999,22705800
03-08-23,128.369995,129.770004,127.775002,128.770004,15018100
04-08-23,129.600006,131.929993,128.315002,128.539993,20509500
07-08-23,129.509995,132.059998,129.429993,131.940002,17621000
08-08-23,130.979996,131.940002,130.130005,131.839996,16836000
09-08-23,132.190002,132.470001,129.505005,130.149994,17745200
10-08-23,131.970001,132.647003,130.035004,130.210007,17855700
11-08-23,129.201996,130.440002,128.75,130.169998,15191500
14-08-23,129.850006,131.910004,129.589996,131.830002,17526200
15-08-23,131.589996,131.990005,129.819,130.270004,14769200
16-08-23,129.279999,130.897995,128.460007,129.110001,17548400
17-08-23,130.449997,132.490997,129.850006,130.460007,23665600
18-08-23,129.059998,129.830002,127,128.110001,23619400
21-08-23,127.849998,129.259995,127.160004,128.929993,21851100
22-08-23,129.130005,130.949997,128.925003,129.690002,15569400
23-08-23,130.850006,134.070007,130.509995,133.210007,26497000
24-08-23,134.727005,134.970001,130.300003,130.419998,18680400
25-08-23,130.139999,131.399994,128.039993,130.690002,20678100
28-08-23,132.080002,133.240005,130.850006,131.789993,16715500
29-08-23,132.998001,137.294998,132.979996,135.490005,30803300
30-08-23,135.570007,137.25,135.020996,136.929993,21773400
31-08-23,137.050003,138.399994,136.820007,137.350006,28147900
01-09-23,138.429993,138.580002,135.940002,136.800003,16665700
05-09-23,136.440002,137.369995,135.559998,136.710007,17730200
06-09-23,137.014999,137.479996,134.690002,135.369995,15814300
07-09-23,134.600006,136.580002,133.960007,136.199997,16976000
08-09-23,135.869995,137.514999,135.869995,137.199997,17810700
11-09-23,137.380005,138.264008,136.550003,137.740005,17180800
12-09-23,137.130005,137.639999,135.929993,136.070007,15212900
13-09-23,135.899994,137.699997,134.929993,137.5,16394900
14-09-23,138.389999,139.550003,137.059998,138.990005,19064600
15-09-23,138.800003,139.360001,137.179993,138.300003,48947600
18-09-23,137.630005,139.929993,137.630005,138.960007,16233600
19-09-23,138.25,139.175003,137.5,138.830002,15479100
20-09-23,138.830002,138.839996,134.520004,134.589996,21473500
21-09-23,132.389999,133.190002,131.089996,131.360001,22042700
22-09-23,131.679993,133.009995,130.509995,131.25,17348700
25-09-23,130.770004,132.220001,130.029999,132.169998,14650000
26-09-23,130.914001,131.404999,128.190002,129.449997,20378800
27-09-23,129.440002,131.720001,129.380005,131.460007,18764200
28-09-23,130.690002,134.179993,130.690002,133.130005,18201400
29-09-23,134.080002,134.889999,131.320007,131.850006,23224200
02-10-23,132.154999,135.360001,132.065002,135.169998,19210400
03-10-23,134.929993,135.240005,132.815002,133.300003,19628700
04-10-23,133.660004,136.570007,133.429993,136.270004,22848000
05-10-23,136.130005,136.5,134.455002,135.990005,15922900
06-10-23,134.940002,139.186005,134.940002,138.729996,20819300
09-10-23,137.990005,139.970001,136.699997,139.5,16599100
10-10-23,139.509995,140.740005,138.429993,139.199997,19554900
11-10-23,139.850006,142.220001,139.839996,141.699997,20146300
12-10-23,142.160004,142.380005,139.449997,140.289993,18173100
13-10-23,140.649994,141.339996,137.970001,138.580002,19438700
16-10-23,139.729996,140.904999,139.320007,140.490005,17345600
17-10-23,140.029999,141.25,138.529007,140.990005,17424000
18-10-23,140.75,141.990005,138.705002,139.279999,18304900
19-10-23,139.800003,141.005005,138.600006,138.979996,21831200
20-10-23,138.589996,139.039993,136.244995,136.740005,24953900
23-10-23,136.229996,139.020004,135.110001,137.899994,20780700
24-10-23,139.160004,140.710007,138.75,140.119995,26535200
25-10-23,129.770004,130.100006,126.089996,126.669998,58796100
26-10-23,124.470001,125.459999,122.32,123.440002,33907400
27-10-23,124.029999,124.440002,121.459999,123.400002,37367700
30-10-23,124.459999,126.550003,123.879997,125.75,24165600
31-10-23,126.269997,126.559998,123.925003,125.300003,21123400
01-11-23,125.339996,127.739998,124.925003,127.57,26536600
02-11-23,129.559998,130.089996,128.110001,128.580002,24091700
03-11-23,129.089996,130.729996,129.009995,130.369995,19517900
06-11-23,130.220001,131.559998,129.929993,131.449997,15360400
07-11-23,131.979996,133.279999,131.139999,132.399994,19223800
08-11-23,132.360001,133.539993,132.160004,133.259995,15093600
09-11-23,133.360001,133.960007,131.509995,131.690002,17976500
10-11-23,131.529999,134.270004,130.869995,134.059998,20872900
13-11-23,133.360001,134.110001,132.770004,133.639999,16409900
14-11-23,135.649994,137.240005,135.100006,135.429993,22317300
15-11-23,136.639999,136.839996,135.330002,136.380005,15840900
16-11-23,136.960007,138.880005,136.080002,138.699997,17615100
17-11-23,137.820007,138,135.479996,136.940002,25565300
20-11-23,135.5,138.425003,135.490005,137.919998,19569400
21-11-23,137.940002,138.964996,137.705002,138.619995,17648100
22-11-23,139.100006,141.100006,139,140.020004,17306400
24-11-23,139.539993,139.677002,137.470001,138.220001,8828600
27-11-23,137.570007,139.630005,137.539993,138.050003,17886400
28-11-23,137.630005,138.660004,137.039993,138.619995,17046900
29-11-23,138.985001,139.669998,136.294998,136.399994,21014700
30-11-23,136.399994,136.960007,132.789993,133.919998,29913500
01-12-23,133.320007,133.5,132.151993,133.320007,24258400
04-12-23,131.294006,131.449997,129.399994,130.630005,24117100
05-12-23,130.369995,133.539993,129.729996,132.389999,19235100
06-12-23,132.899994,133.309998,131.309998,131.429993,16360600
07-12-23,136.600006,140,136.229996,138.449997,38297500
